City_ID,City,Country,Date,Lat,Lng,Max Temp,Humidity,Cloudiness,Wind Speed
0,Rikitea,PF,2022-02-10 18:49:43,-23.1203,-134.9692,78.67,74,89,20.02
1,Saldanha,ZA,2022-02-10 18:49:44,-33.0117,17.9442,68.05,80,0,11.18
2,Mataura,NZ,2022-02-10 18:49:44,-46.1927,168.8643,58.48,95,100,2.71
3,Bengkulu,ID,2022-02-10 18:49:45,-3.8004,102.2655,75.96,75,100,5.44
4,Chernyshkovskiy,RU,2022-02-10 18:49:45,48.4219,42.2308,35.64,98,100,14.41
5,Ushuaia,AR,2022-02-10 18:45:52,-54.8,-68.3,49.62,76,75,29.93
6,Provideniya,RU,2022-02-10 18:49:46,64.3833,-173.3,-19.73,92,46,3.29
7,Poso,ID,2022-02-10 18:49:47,-1.3959,120.7524,76.64,85,82,3.04
8,Amot,NO,2022-02-10 18:49:47,59.5714,7.9877,30.22,93,17,5.39
9,Rocha,UY,2022-02-10 18:47:26,-34.4833,-54.3333,81.43,44,0,15.48
10,Andijon,UZ,2022-02-10 18:49:48,40.7821,72.3442,38.48,58,100,4.76
11,Concordia,AR,2022-02-10 18:49:49,-31.393,-58.0209,93.27,32,20,2.3
12,Ahipara,NZ,2022-02-10 18:49:49,-35.1667,173.1667,73.17,97,100,9.33
13,Puerto Ayora,EC,2022-02-10 18:49:50,-0.7393,-90.3518,82.36,82,93,5.99
14,Ketchikan,US,2022-02-10 18:49:51,55.3422,-131.6461,39.67,65,100,4.61
15,Mandasa,IN,2022-02-10 18:49:51,18.8667,84.4667,69.6,77,11,3.09
16,Jamestown,US,2022-02-10 18:49:52,42.097,-79.2353,37.29,65,100,12.66
17,Turukhansk,RU,2022-02-10 18:49:53,65.8167,87.9833,-24.03,99,17,4.94
18,Nikolskoye,RU,2022-02-10 18:49:53,59.7035,30.7861,36.88,93,100,10.42
19,Marquette,US,2022-02-10 18:49:57,46.5333,-87.6335,23.34,61,100,5.7
20,Saskylakh,RU,2022-02-10 18:49:58,71.9167,114.0833,4.59,94,100,13.44
21,Barrow,US,2022-02-10 18:49:58,71.2906,-156.7887,-32.78,99,0,8.05
22,Tlumacov,CZ,2022-02-10 18:49:59,49.2535,17.4956,49.03,79,89,7.61
23,Kapaa,US,2022-02-10 18:49:40,22.0752,-159.319,74.19,85,0,10.36
24,Lodja,CD,2022-02-10 18:50:00,-3.4833,23.4333,71.94,86,88,1.63
25,Vaini,TO,2022-02-10 18:50:00,-21.2,-175.2,81.37,80,100,22.41
26,Hamilton,US,2022-02-10 18:47:12,39.1834,-84.5333,46.65,59,40,13.8
27,Coquimbo,CL,2022-02-10 18:46:26,-29.9533,-71.3436,68.02,74,39,5.73
28,Vila Velha,BR,2022-02-10 18:50:01,-20.3297,-40.2925,78.75,85,40,12.66
29,Banda Aceh,ID,2022-02-10 18:50:02,5.5577,95.3222,78.15,82,100,4.99
30,Lebu,CL,2022-02-10 18:48:09,-37.6167,-73.65,61.21,61,100,25.95
31,Synya,RU,2022-02-10 18:50:03,65.3718,58.0387,23.47,90,100,15.46
32,Minas Novas,BR,2022-02-10 18:50:04,-17.2186,-42.5903,79.63,80,94,3.42
33,Itaituba,BR,2022-02-10 18:50:04,-4.2761,-55.9836,91.56,58,40,5.75
34,Esperance,AU,2022-02-10 18:50:05,-33.8667,121.9,73.24,49,17,21.56
35,Upernavik,GL,2022-02-10 18:50:05,72.7868,-56.1549,-4.85,94,100,3.85
36,Ormara,PK,2022-02-10 18:50:06,25.2088,64.6357,70.63,55,0,9.37
37,Kodiak,US,2022-02-10 18:50:06,57.79,-152.4072,15.31,79,0,6.91
38,Khipro,PK,2022-02-10 18:50:07,25.8285,69.3772,63.28,26,0,4.12
39,Cherskiy,RU,2022-02-10 18:47:21,68.75,161.3,-35.79,99,100,6.53
40,Yamada,JP,2022-02-10 18:50:08,39.4667,141.95,31.66,80,99,9.31
41,Scarborough,GB,2022-02-10 18:47:12,54.2797,-0.4044,43.09,75,100,8.99
42,Port Elizabeth,ZA,2022-02-10 18:48:33,-33.918,25.5701,68.29,83,75,12.66
43,Parabel,RU,2022-02-10 18:50:09,58.6978,81.4825,-20.47,100,78,1.92
44,Antalya,TR,2022-02-10 18:49:20,36.7741,30.7178,50.59,29,0,18.41
45,Avarua,CK,2022-02-10 18:50:10,-21.2078,-159.775,78.85,89,100,6.91
46,Leningradskiy,RU,2022-02-10 18:50:10,69.3833,178.4167,-19.43,96,100,5.06
47,Geraldton,AU,2022-02-10 18:48:25,-28.7667,114.6,68.41,88,0,8.05
48,Hobart,AU,2022-02-10 18:51:36,-42.8794,147.3294,54.05,69,18,5.28
49,Narsaq,GL,2022-02-10 18:52:45,60.9167,-46.05,10.74,63,63,7.63
50,Arrecife,ES,2022-02-10 18:52:45,28.963,-13.5477,69.87,73,15,0.0
51,Camacupa,AO,2022-02-10 18:52:46,-12.0167,17.4833,61.84,91,100,4.38
52,Gat,IL,2022-02-10 18:52:47,31.61,34.7642,52.48,100,87,4.97
53,Klaksvik,FO,2022-02-10 18:52:29,62.2266,-6.589,29.32,54,83,13.02
54,Tasiilaq,GL,2022-02-10 18:48:41,65.6145,-37.6368,17.76,62,35,7.14
55,Olafsvik,IS,2022-02-10 18:52:48,64.8945,-23.7142,34.14,57,35,24.63
56,Busselton,AU,2022-02-10 18:52:48,-33.65,115.3333,66.09,65,0,5.26
57,Sola,VU,2022-02-10 18:52:49,-13.8833,167.55,82.18,76,100,21.68
58,Ouro Preto Do Oeste,BR,2022-02-10 18:48:12,-10.7481,-62.2158,81.72,89,92,6.04
59,Paramonga,PE,2022-02-10 18:52:50,-10.6667,-77.8333,75.06,67,91,8.79
60,Kaitangata,NZ,2022-02-10 18:52:01,-46.2817,169.8464,57.56,93,78,3.67
61,Portland,US,2022-02-10 18:49:53,45.5234,-122.6762,50.41,88,100,3.0
62,Nueve De Julio,AR,2022-02-10 18:48:18,-35.4444,-60.8831,86.72,32,0,9.8
63,Parrita,CR,2022-02-10 18:52:51,9.5201,-84.3225,93.06,63,26,8.12
64,Malinta,PH,2022-02-10 18:52:52,12.3022,123.5575,75.4,83,89,8.97
65,Balabac,PH,2022-02-10 18:52:52,7.9868,117.0645,79.95,82,100,14.63
66,Punta Arenas,CL,2022-02-10 18:47:56,-53.15,-70.9167,51.82,53,40,32.21
67,Shu,KZ,2022-02-10 18:52:53,43.5983,73.7614,28.22,73,20,3.49
68,Albany,US,2022-02-10 18:52:01,42.6001,-73.9662,45.3,67,29,5.01
69,Colwyn Bay,GB,2022-02-10 18:52:54,53.2948,-3.7267,44.91,83,17,5.99
70,Padang,ID,2022-02-10 18:52:54,-0.9492,100.3543,77.38,79,100,2.46
71,Nanortalik,GL,2022-02-10 18:52:55,60.1432,-45.2371,25.61,58,100,9.44
72,Guaira,BR,2022-02-10 18:52:55,-20.3183,-48.3106,71.38,95,96,7.2
73,Rawson,AR,2022-02-10 18:52:56,-43.3002,-65.1023,65.23,38,83,20.65
74,Severo-Kurilsk,RU,2022-02-10 18:52:56,50.6789,156.125,24.35,73,97,8.28
75,Wewak,PG,2022-02-10 18:52:57,-3.5534,143.6268,78.58,87,100,4.79
76,Georgetown,MY,2022-02-10 18:50:43,5.4112,100.3354,79.95,91,20,2.3
77,Cidreira,BR,2022-02-10 18:49:41,-30.1811,-50.2056,76.5,72,0,16.33
78,Rio Grande,BR,2022-02-10 18:52:58,-32.035,-52.0986,84.31,65,85,16.42
79,Pisco,PE,2022-02-10 18:52:59,-13.7,-76.2167,80.02,73,0,9.22
80,Mahebourg,MU,2022-02-10 18:52:33,-20.4081,57.7,79.09,83,75,3.44
81,Touros,BR,2022-02-10 18:52:59,-5.1989,-35.4608,88.7,60,64,13.29
82,Codrington,AU,2022-02-10 18:53:00,-38.2667,141.9667,56.66,82,29,8.23
83,Bluff,NZ,2022-02-10 18:53:01,-46.6,168.3333,57.79,84,64,14.18
84,Puerto Baquerizo Moreno,EC,2022-02-10 18:53:01,-0.9,-89.6,79.79,78,40,10.36
85,Egvekinot,RU,2022-02-10 18:53:02,66.3167,-179.1667,-26.14,89,26,4.7
86,Kruisfontein,ZA,2022-02-10 18:52:10,-34.0033,24.7314,64.74,78,73,5.77
87,Thinadhoo,MV,2022-02-10 18:53:02,0.5333,72.9333,81.41,72,52,5.46
88,Aksarka,RU,2022-02-10 18:53:03,66.5606,67.7975,13.48,92,100,19.01
89,Potiskum,NG,2022-02-10 18:53:04,11.7091,11.0694,71.94,11,99,11.18
90,Kapit,MY,2022-02-10 18:53:04,2.0167,112.9333,73.65,100,100,1.16
91,Ilulissat,GL,2022-02-10 18:53:05,69.2167,-51.1,-18.62,89,100,6.2
92,Saint-Philippe,RE,2022-02-10 18:53:05,-21.3585,55.7679,76.59,78,29,5.28
93,Trairi,BR,2022-02-10 18:53:06,-3.2778,-39.2689,84.27,64,100,8.9
94,Lorengau,PG,2022-02-10 18:53:07,-2.0226,147.2712,80.2,81,100,5.91
95,Pevek,RU,2022-02-10 18:53:07,69.7008,170.3133,-33.81,99,100,8.25
96,Ballina,AU,2022-02-10 18:53:08,-28.8667,153.5667,66.16,88,23,6.91
97,Quatre Cocos,MU,2022-02-10 18:53:09,-20.2078,57.7625,78.91,81,14,7.4
98,Qaanaaq,GL,2022-02-10 18:52:56,77.484,-69.3632,-21.59,58,1,7.11
99,Berlevag,NO,2022-02-10 18:53:09,70.8578,29.0864,21.15,79,0,16.11
100,Deputatskiy,RU,2022-02-10 18:52:19,69.3,139.9,-21.37,94,99,5.91
101,Rudnichnyy,RU,2022-02-10 18:53:10,59.617,52.4703,20.68,94,100,10.02
102,Leh,IN,2022-02-10 18:49:35,34.1667,77.5833,-3.75,92,100,2.24
103,Carnarvon,AU,2022-02-10 18:48:11,-24.8667,113.6333,80.67,74,75,10.36
104,Nuevo Progreso,MX,2022-02-10 18:53:11,23.1667,-97.95,72.59,72,100,1.01
105,East London,ZA,2022-02-10 18:50:55,-33.0153,27.9116,72.54,88,20,3.44
106,Clyde River,CA,2022-02-10 18:52:32,70.4692,-68.5914,-18.17,76,100,3.44
107,Port Alfred,ZA,2022-02-10 18:52:07,-33.5906,26.891,71.01,80,77,7.2
108,Uniontown,US,2022-02-10 18:53:12,39.9001,-79.7164,48.56,29,95,5.99
109,Dunedin,NZ,2022-02-10 18:53:12,-45.8742,170.5036,58.89,93,0,4.43
110,Yatou,CN,2022-02-10 18:53:13,37.15,122.3833,35.17,61,85,5.7
111,Bay Roberts,CA,2022-02-10 18:53:14,47.5999,-53.2648,43.66,75,9,3.0
112,Alofi,NU,2022-02-10 18:50:33,-19.0595,-169.9187,76.89,94,12,3.44
113,Taicheng,CN,2022-02-10 18:53:15,38.731,113.228,27.82,39,100,2.57
114,Alexandria,EG,2022-02-10 18:50:41,31.2156,29.9553,55.36,71,40,9.22
115,Pueblo,US,2022-02-10 18:52:16,38.2545,-104.6091,57.96,33,0,11.5
116,Tuktoyaktuk,CA,2022-02-10 18:50:51,69.4541,-133.0374,-14.8,76,100,6.91
117,Hasaki,JP,2022-02-10 18:53:16,35.7333,140.8333,34.2,83,100,30.87
118,Xai-Xai,MZ,2022-02-10 18:53:16,-25.0519,33.6442,74.12,78,0,9.42
119,Camacha,PT,2022-02-10 18:53:17,33.0833,-16.3333,63.36,94,40,8.05
120,Nanchong,CN,2022-02-10 18:53:18,30.7951,106.0847,46.33,74,100,4.03
121,Moose Factory,CA,2022-02-10 18:53:18,51.2585,-80.6094,3.2,72,100,10.36
122,Mariental,NA,2022-02-10 18:53:19,-24.6333,17.9667,83.41,39,17,5.84
123,Halifax,CA,2022-02-10 18:53:08,44.6453,-63.5724,39.49,78,100,13.8
124,Hermanus,ZA,2022-02-10 18:53:20,-34.4187,19.2345,65.89,76,0,4.81
125,Cremlingen,DE,2022-02-10 18:53:20,52.25,10.65,44.35,61,40,9.22
126,Lauria,IT,2022-02-10 18:53:21,40.0465,15.8358,44.19,79,1,0.4
127,San Patricio,US,2022-02-10 18:53:22,28.017,-97.5169,72.32,39,100,4.47
128,Yellowknife,CA,2022-02-10 18:53:22,62.456,-114.3525,-9.58,82,75,13.8
129,Brae,GB,2022-02-10 18:53:23,60.3964,-1.353,35.29,56,99,21.25
130,Bredasdorp,ZA,2022-02-10 18:53:15,-34.5322,20.0403,65.52,63,0,8.05
131,Khor,RU,2022-02-10 18:53:24,47.8861,134.9464,1.51,96,100,4.56
132,Lieksa,FI,2022-02-10 18:53:24,63.3167,30.0167,29.1,84,100,12.73
133,Bilma,NE,2022-02-10 18:53:25,18.6853,12.9164,67.84,15,0,7.25
134,Concarneau,FR,2022-02-10 18:53:26,47.875,-3.9225,44.06,81,22,7.52
135,Kahului,US,2022-02-10 18:53:26,20.8947,-156.47,76.84,71,0,4.61
136,Uarini,BR,2022-02-10 18:53:27,-2.99,-65.1083,91.35,80,100,1.74
137,Rutana,BI,2022-02-10 18:53:28,-3.8667,30.1,57.52,90,96,2.15
138,Plant City,US,2022-02-10 18:51:48,28.0186,-82.1129,71.67,37,0,8.05
139,Mandan,US,2022-02-10 18:50:12,46.8267,-100.8896,53.04,68,20,25.32
140,Paamiut,GL,2022-02-10 18:53:29,61.994,-49.6678,14.56,74,100,8.12
141,Half Moon Bay,US,2022-02-10 18:48:43,37.4636,-122.4286,75.07,37,0,20.71
142,Lewistown,US,2022-02-10 18:53:29,40.5992,-77.5714,51.08,82,20,9.22
143,Cape Town,ZA,2022-02-10 18:50:24,-33.9258,18.4232,70.27,55,0,10.36
144,Buraydah,SA,2022-02-10 18:53:30,26.326,43.975,72.05,43,27,13.62
145,Puerto Cabezas,NI,2022-02-10 18:53:30,14.0351,-83.3888,84.16,79,75,9.22
146,Shirokiy,RU,2022-02-10 18:53:31,49.758,129.523,-0.53,98,100,4.03
147,Khatanga,RU,2022-02-10 18:53:31,71.9667,102.5,-4.54,96,99,13.96
148,Zhigansk,RU,2022-02-10 18:53:32,66.7697,123.3711,-29.49,97,98,11.16
149,Tiksi,RU,2022-02-10 18:53:33,71.6872,128.8694,-10.28,92,100,16.26
150,Muros,ES,2022-02-10 18:53:34,42.7762,-9.0603,57.24,93,100,4.94
151,Victoria,HK,2022-02-10 18:53:15,22.2855,114.1577,63.95,89,100,7.0
152,Chuy,UY,2022-02-10 18:53:34,-33.6971,-53.4616,77.9,51,5,14.47
153,Grindavik,IS,2022-02-10 18:53:35,63.8424,-22.4338,30.67,93,75,13.8
154,Bontang,ID,2022-02-10 18:53:35,0.1333,117.5,75.87,91,100,4.32
155,Oktyabrskiy,RU,2022-02-10 18:53:36,54.4815,53.471,19.69,92,100,11.68
156,Bhatkal,IN,2022-02-10 18:53:36,13.9667,74.5667,74.91,70,0,3.91
157,Mar Del Plata,AR,2022-02-10 18:51:45,-38.0023,-57.5575,84.22,87,0,25.99
158,Juan Lacaze,UY,2022-02-10 18:53:37,-34.4342,-57.4381,85.12,54,0,13.42
159,Faanui,PF,2022-02-10 18:53:38,-16.4833,-151.75,81.21,75,66,14.58
160,Sapuyes,CO,2022-02-10 18:53:38,1.0373,-77.6209,61.23,81,100,2.24
161,Karratha,AU,2022-02-10 18:53:39,-20.7377,116.8463,84.18,74,9,10.83
162,Caravelas,BR,2022-02-10 18:53:40,-17.7125,-39.2481,83.3,65,0,10.25
163,Khandyga,RU,2022-02-10 18:53:40,62.6667,135.6,-39.37,100,98,0.89
164,Turayf,SA,2022-02-10 18:53:41,31.6725,38.6637,44.85,81,40,11.5
165,Butaritari,KI,2022-02-10 18:50:49,3.0707,172.7902,80.96,79,18,16.75
166,Lata,PT,2022-02-10 18:53:42,40.1629,-8.3327,57.61,64,100,2.17
167,Arraial Do Cabo,BR,2022-02-10 18:53:42,-22.9661,-42.0278,71.46,94,100,6.91
168,Palmer,US,2022-02-10 18:53:43,42.1584,-72.3287,51.82,53,75,8.05
169,Corinto,GR,2022-02-10 18:53:44,37.9407,22.9573,53.69,67,0,3.6
170,Ternate,ID,2022-02-10 18:53:44,0.8,127.4,79.7,83,100,4.92
171,Yulara,AU,2022-02-10 18:53:45,-25.2406,130.9889,73.24,46,0,5.75
172,Vredendal,ZA,2022-02-10 18:53:45,-31.6683,18.5012,66.04,72,0,12.93
173,Ayan,RU,2022-02-10 18:53:46,56.45,138.1667,10.22,90,100,8.57
174,Lompoc,US,2022-02-10 18:53:47,34.6391,-120.4579,83.84,25,0,6.91
175,Alekseyevsk,RU,2022-02-10 18:53:47,57.8406,108.3492,-21.71,100,90,2.68
176,Okhotsk,RU,2022-02-10 18:53:48,59.3833,143.3,3.79,88,100,5.3
177,Carauari,BR,2022-02-10 18:53:48,-4.8828,-66.8958,82.89,82,100,0.76
178,Sistranda,NO,2022-02-10 18:53:49,63.7256,8.834,33.76,61,100,27.89
179,College,US,2022-02-10 18:53:50,64.8569,-147.8028,-7.78,75,75,3.44
180,Port-Gentil,GA,2022-02-10 18:53:50,-0.7193,8.7815,81.07,79,100,5.44
181,Kidal,ML,2022-02-10 18:53:51,18.4411,1.4078,75.88,7,100,8.32
182,Lavrentiya,RU,2022-02-10 18:53:51,65.5833,-171.0,-29.79,97,62,4.72
183,Demba,CD,2022-02-10 18:53:52,-5.51,22.2667,69.44,97,100,3.02
184,Hithadhoo,MV,2022-02-10 18:52:00,-0.6,73.0833,81.75,70,100,7.74
185,Saint George,US,2022-02-10 18:53:53,37.1041,-113.5841,61.63,32,2,5.01
186,Jaroslaw,PL,2022-02-10 18:53:54,50.0162,22.6778,39.79,80,100,14.67
187,Khromtau,KZ,2022-02-10 18:53:54,50.2503,58.4347,15.03,95,100,16.53
188,Galveston,US,2022-02-10 18:49:27,29.3669,-94.9669,70.99,42,0,5.75
189,Urdoma,RU,2022-02-10 18:53:55,61.7533,48.5442,22.28,92,100,8.97
190,Queimadas,BR,2022-02-10 18:50:15,-10.9783,-39.6264,94.66,30,4,8.66
191,Eyl,SO,2022-02-10 18:53:56,7.9803,49.8164,73.09,63,0,19.1
192,Huejuquilla El Alto,MX,2022-02-10 18:53:57,22.6,-103.8667,66.52,11,0,7.23
193,Kandrian,PG,2022-02-10 18:53:57,-6.2167,149.55,76.84,88,93,5.23
194,Jiazi,CN,2022-02-10 18:53:58,22.8779,116.067,60.78,84,100,17.58
195,Deder,ET,2022-02-10 18:53:58,9.3167,41.45,58.32,38,8,5.61
196,Zuwarah,LY,2022-02-10 18:53:59,32.9312,12.082,56.01,61,0,9.62
197,Gushikawa,JP,2022-02-10 18:53:59,26.3544,127.8686,60.03,80,20,4.61
198,Talara,PE,2022-02-10 18:54:00,-4.5772,-81.2719,84.96,54,40,12.66
199,Waingapu,ID,2022-02-10 18:54:01,-9.6567,120.2641,76.6,86,100,4.76
200,Puerto Carreno,CO,2022-02-10 18:51:25,6.189,-67.4859,94.98,38,20,3.44
201,Yima,CN,2022-02-10 18:54:02,34.7381,111.8839,36.03,56,91,2.71
202,Hilo,US,2022-02-10 18:54:02,19.7297,-155.09,75.25,76,18,1.01
203,Belomorsk,RU,2022-02-10 18:54:03,64.5232,34.7668,21.61,92,88,8.34
204,Verkhoyansk,RU,2022-02-10 18:54:03,67.5447,133.385,-40.0,100,98,1.61
205,Pipri,IN,2022-02-10 18:54:04,19.8,75.5333,68.58,52,63,0.0
206,Arlit,NE,2022-02-10 18:54:04,18.7369,7.3853,71.56,10,0,8.16
207,La Orilla,MX,2022-02-10 18:54:05,17.9833,-102.2333,81.54,49,100,8.63
208,Torbay,CA,2022-02-10 18:54:06,47.6666,-52.7314,42.89,76,20,4.0
209,Amilly,FR,2022-02-10 18:54:06,47.9728,2.7719,46.15,93,100,5.08
210,Nantucket,US,2022-02-10 18:54:07,41.2835,-70.0995,52.14,78,6,19.1
211,Namibe,AO,2022-02-10 18:54:08,-15.1961,12.1522,74.1,79,100,6.06
212,Moranbah,AU,2022-02-10 18:54:09,-22.0016,148.0466,71.53,85,0,6.87
213,Ancud,CL,2022-02-10 18:54:09,-41.8697,-73.8203,65.43,48,4,13.31
214,Dikson,RU,2022-02-10 18:54:10,73.5069,80.5464,6.12,93,100,28.45
215,Katihar,IN,2022-02-10 18:54:11,25.5333,87.5833,62.31,67,0,6.55
216,Bathsheba,BB,2022-02-10 18:54:11,13.2167,-59.5167,84.81,51,20,25.32
217,Isangel,VU,2022-02-10 18:54:12,-19.55,169.2667,78.91,89,100,19.57
218,Vestmannaeyjar,IS,2022-02-10 18:54:12,63.4427,-20.2734,32.99,86,40,11.5
219,Zhigalovo,RU,2022-02-10 18:54:13,54.8097,105.1578,-31.36,100,88,0.58
220,Kavieng,PG,2022-02-10 18:53:16,-2.5744,150.7967,81.25,79,98,7.96
221,Osypenko,UA,2022-02-10 18:54:14,46.9136,36.8253,40.84,89,100,11.14
222,New Norfolk,AU,2022-02-10 18:54:14,-42.7826,147.0587,53.71,54,15,2.48
223,Vagur,FO,2022-02-10 18:54:15,61.4732,-6.8119,36.18,50,98,11.72
224,San Nicolas,PH,2022-02-10 18:54:15,18.1725,120.5953,71.51,94,20,1.14
225,Muromtsevo,RU,2022-02-10 18:54:16,56.3724,75.2418,-11.65,100,41,5.41
226,Aden,YE,2022-02-10 18:54:17,12.7794,45.0367,76.46,67,7,16.87
227,Dabat,ET,2022-02-10 18:54:17,12.9842,37.765,57.54,45,6,3.6
228,Atuona,PF,2022-02-10 18:51:46,-9.8,-139.0333,78.26,73,0,17.31
229,Westport,US,2022-02-10 18:54:18,41.1415,-73.3579,54.18,53,8,11.01
230,Lipin Bor,RU,2022-02-10 18:54:18,60.2622,37.9763,26.56,94,93,9.71
231,Luderitz,NA,2022-02-10 18:54:19,-26.6481,15.1594,74.32,50,3,19.91
232,Araouane,ML,2022-02-10 18:54:19,18.9048,-3.5265,70.99,13,12,11.54
233,Phan Thiet,VN,2022-02-10 18:54:20,10.9333,108.1,73.67,83,98,6.42
234,Ribeira Grande,PT,2022-02-10 18:52:15,38.5167,-28.7,61.2,77,20,10.36
235,Dunda,TZ,2022-02-10 18:54:21,-8.1167,34.25,64.15,96,100,2.91
236,Saint-Pierre,RE,2022-02-10 18:54:22,-21.3393,55.4781,76.68,78,75,4.61
237,Moundou,TD,2022-02-10 18:54:23,8.5667,16.0833,82.33,10,93,5.3
238,Rognan,NO,2022-02-10 18:54:23,67.0953,15.3878,32.14,93,100,16.17
239,Tecoanapa,MX,2022-02-10 18:54:24,16.5167,-98.75,81.86,55,100,9.64
240,Yumen,CN,2022-02-10 18:54:24,40.2833,97.2,24.58,45,100,10.02
241,Sur,OM,2022-02-10 18:54:25,22.5667,59.5289,69.35,54,0,2.51
242,Luanda,AO,2022-02-10 18:50:25,-8.8368,13.2343,80.6,54,75,9.22
243,Sulphur,US,2022-02-10 18:54:26,30.2366,-93.3774,71.58,35,0,0.0
244,Ambagarh Chauki,IN,2022-02-10 18:54:27,20.7833,80.7167,62.33,44,6,4.7
245,Beringovskiy,RU,2022-02-10 18:54:27,63.05,179.3167,-27.44,93,24,3.47
246,Tieli,CN,2022-02-10 18:54:28,46.95,128.05,8.6,95,100,3.69
247,Vila Franca Do Campo,PT,2022-02-10 18:54:29,37.7167,-25.4333,63.19,72,99,9.13
248,Asau,RO,2022-02-10 18:54:29,46.4333,26.4,47.32,91,13,6.53
249,Mehamn,NO,2022-02-10 18:54:30,71.0357,27.8492,21.11,89,95,7.67
250,Cabedelo,BR,2022-02-10 18:54:31,-6.9811,-34.8339,88.47,61,13,10.42
251,Mbandaka,CD,2022-02-10 18:54:31,0.0487,18.2603,79.84,36,27,2.57
252,Havre,FR,2022-02-10 18:54:31,49.5833,0.3333,42.57,75,0,6.91
253,Beyneu,KZ,2022-02-10 18:54:32,45.3167,55.2,36.39,80,100,6.42
254,Sinnamary,GF,2022-02-10 18:54:32,5.3833,-52.95,79.57,80,37,11.3
255,Noumea,NC,2022-02-10 18:54:33,-22.2763,166.4572,80.01,99,100,26.78
256,Puerto Escondido,MX,2022-02-10 18:54:34,15.85,-97.0667,83.91,54,4,8.41
257,Awjilah,LY,2022-02-10 18:54:34,29.1081,21.2869,54.59,48,5,7.65
258,Taguatinga,BR,2022-02-10 18:54:35,-12.3857,-46.5711,81.95,70,74,7.29
259,Hervey Bay,AU,2022-02-10 18:54:35,-25.2986,152.8535,66.31,77,0,12.37
260,Biskamzha,RU,2022-02-10 18:54:36,53.4497,89.5272,-13.95,99,8,3.71
261,Hokitika,NZ,2022-02-10 18:54:37,-42.7167,170.9667,59.77,83,100,3.24
262,Krasnyy Chikoy,RU,2022-02-10 18:54:37,50.3643,108.7512,-15.74,99,98,1.86
263,Rabo De Peixe,PT,2022-02-10 18:51:15,37.8,-25.5833,62.28,79,20,11.5
264,Lagoa,PT,2022-02-10 18:54:38,39.05,-27.9833,58.51,72,100,4.56
265,Petropavlovsk-Kamchatskiy,RU,2022-02-10 18:54:39,53.0452,158.6483,10.99,79,0,8.95
266,Itacoatiara,BR,2022-02-10 18:54:39,-3.1431,-58.4442,83.61,77,100,2.46
267,Camalu,MX,2022-02-10 18:54:40,30.85,-116.0667,81.43,24,0,7.2
268,Hofn,IS,2022-02-10 18:54:41,64.2539,-15.2082,25.47,61,53,7.81
269,Rio Gallegos,AR,2022-02-10 18:54:41,-51.6226,-69.2181,55.45,35,75,32.21
270,San Matias,BO,2022-02-10 18:54:42,-16.3667,-58.4,85.17,69,73,4.88
271,Castro,BR,2022-02-10 18:54:43,-24.7911,-50.0119,76.26,59,37,6.82
272,Flinders,AU,2022-02-10 18:53:06,-34.5833,150.8552,70.18,85,69,11.01
273,Longyearbyen,SJ,2022-02-10 18:54:43,78.2186,15.6401,22.84,74,75,10.36
274,Fomboni,KM,2022-02-10 18:54:44,-12.28,43.7425,82.29,73,100,6.08
275,Kargasok,RU,2022-02-10 18:54:45,59.0556,80.8572,-19.44,100,80,2.73
276,Craig,US,2022-02-10 18:53:24,40.5153,-107.5464,39.54,99,82,3.36
277,Chenzhou,CN,2022-02-10 18:54:45,25.8,113.0333,41.23,98,100,2.53
278,Barcelos,PT,2022-02-10 18:54:46,41.5388,-8.6151,58.91,74,100,2.1
279,Novobataysk,RU,2022-02-10 18:54:46,46.8981,39.7819,38.17,96,100,12.44
280,Avera,US,2022-02-10 18:54:47,33.194,-82.5271,68.92,29,6,8.1
281,Manacor,ES,2022-02-10 18:54:48,39.5696,3.2096,53.38,81,0,2.84
282,San Cristobal,VE,2022-02-10 18:54:48,7.7669,-72.225,77.18,47,65,2.3
283,Thompson,CA,2022-02-10 18:52:09,55.7435,-97.8558,-7.44,71,100,16.11
284,Iqaluit,CA,2022-02-10 18:53:01,63.7506,-68.5145,-9.67,77,100,4.61
285,Lysva,RU,2022-02-10 18:54:49,58.1086,57.8053,16.21,87,100,11.48
286,Ostersund,SE,2022-02-10 18:51:44,63.1792,14.6357,27.05,80,75,6.91
287,Launceston,AU,2022-02-10 18:54:50,-41.45,147.1667,55.04,66,75,9.22
288,Bethel,US,2022-02-10 18:54:42,41.3712,-73.414,52.48,51,10,8.01
289,Grenada,ES,2022-02-10 18:50:37,37.1882,-3.6067,55.9,49,0,5.75
290,Saint-Joseph,RE,2022-02-10 18:54:51,-21.3667,55.6167,75.58,80,14,4.16
291,Biltine,TD,2022-02-10 18:54:52,14.5333,20.9167,71.69,9,0,13.47
292,Wexford,IE,2022-02-10 18:54:52,52.3342,-6.4575,42.58,80,4,12.82
293,Sokoto,NG,2022-02-10 18:54:53,13.0609,5.239,79.05,10,7,9.95
294,Meulaboh,ID,2022-02-10 18:54:54,4.1363,96.1285,76.19,82,100,3.58
295,Vanavara,RU,2022-02-10 18:52:20,60.34,102.2797,-17.16,100,99,2.21
296,Canico,PT,2022-02-10 18:54:54,32.6333,-16.85,68.72,88,75,3.44
297,Huangmei,CN,2022-02-10 18:54:55,30.1924,116.025,41.49,88,100,5.3
298,Solnechnyy,RU,2022-02-10 18:54:55,50.7214,136.6319,-2.78,97,85,3.78
299,Dakar,SN,2022-02-10 18:50:01,14.6937,-17.4441,95.88,37,12,11.5
300,Axim,GH,2022-02-10 18:54:56,4.8699,-2.2405,79.93,83,0,7.58
301,Guiratinga,BR,2022-02-10 18:52:13,-16.3494,-53.7583,75.22,80,100,6.42
302,Japura,ID,2022-02-10 18:54:57,-0.3167,102.35,71.89,98,100,3.47
303,Vydrino,RU,2022-02-10 18:54:57,51.485,104.8461,-6.23,94,100,2.44
304,Mindyak,RU,2022-02-10 18:54:58,54.0231,58.7891,9.0,96,100,3.38
305,Kismayo,SO,2022-02-10 18:54:59,-0.3582,42.5454,77.32,81,5,17.6
306,Nyurba,RU,2022-02-10 18:55:00,63.2842,118.3319,-33.03,100,88,2.75
307,Sayyan,YE,2022-02-10 18:55:00,15.1718,44.3244,56.28,31,0,2.3
308,Troitsko-Pechorsk,RU,2022-02-10 18:55:01,62.7084,56.1964,24.49,90,100,11.81
309,Callaway,US,2022-02-10 18:55:02,30.153,-85.5699,69.19,37,0,6.91
310,Bordei Verde,RO,2022-02-10 18:55:02,45.0833,27.5667,43.97,61,3,9.66
311,Teknaf,BD,2022-02-10 18:55:03,20.8624,92.3058,65.98,69,5,9.24
312,Ilheus,BR,2022-02-10 18:55:03,-14.7889,-39.0494,87.62,66,40,11.5
313,Mayo,US,2022-02-10 18:55:04,38.8876,-76.5119,61.14,36,100,9.22
314,Sitka,US,2022-02-10 18:52:48,57.0531,-135.33,37.29,65,75,17.27
315,Graciano Sanchez,MX,2022-02-10 18:55:05,23.9167,-99.2833,65.35,51,97,6.38
316,Alice Springs,AU,2022-02-10 18:52:45,-23.7,133.8833,62.15,88,0,0.0
317,Severo-Yeniseyskiy,RU,2022-02-10 18:55:06,60.3725,93.0408,-17.84,100,84,1.97
318,Xudat,AZ,2022-02-10 18:55:06,41.631,48.681,39.88,89,100,6.26
319,Suez,EG,2022-02-10 18:55:07,29.9737,32.5263,55.98,54,44,8.05
320,Sijunjung,ID,2022-02-10 18:55:07,-0.6876,100.9537,70.61,92,100,0.69
321,Sidhi,IN,2022-02-10 18:55:08,24.4167,81.8833,55.92,64,0,4.76
322,Itarema,BR,2022-02-10 18:51:56,-2.9248,-39.9167,84.7,60,96,10.58
323,Broome,US,2022-02-10 18:55:09,42.2506,-75.833,42.93,59,24,8.01
324,Tshikapa,CD,2022-02-10 18:55:08,-6.4167,20.8,70.43,97,100,3.83
325,Yaan,NG,2022-02-10 18:55:10,7.3833,8.5667,86.94,8,43,5.21
326,Mareeba,AU,2022-02-10 18:55:10,-17.0,145.4333,70.45,94,26,1.83
327,Tres Arroyos,AR,2022-02-10 18:55:11,-38.3739,-60.2798,86.0,32,100,15.21
328,Ust-Kuyga,RU,2022-02-10 18:55:11,70.0167,135.6,-23.15,98,100,8.95
329,Necochea,AR,2022-02-10 18:55:12,-38.5473,-58.7368,85.03,39,1,15.73
330,Mizusawa,JP,2022-02-10 18:55:13,39.1333,141.1333,24.55,96,90,2.98
331,Sao Filipe,CV,2022-02-10 18:55:13,14.8961,-24.4956,78.82,52,100,8.19
332,Umm Bab,QA,2022-02-10 18:55:14,25.2142,50.8072,60.48,56,0,8.9
333,Dingle,PH,2022-02-10 18:55:14,10.9995,122.6711,76.23,81,100,9.44
334,Makakilo City,US,2022-02-10 18:55:15,21.3469,-158.0858,77.2,72,0,0.0
335,Coruripe,BR,2022-02-10 18:55:16,-10.1256,-36.1756,84.61,61,7,16.78
336,Zyryanskoye,RU,2022-02-10 18:55:16,56.8306,86.6258,-18.65,100,62,3.67
337,Shaoyang,CN,2022-02-10 18:55:17,27.2315,111.4525,38.7,94,100,3.42
338,Tokur,RU,2022-02-10 18:51:07,53.1333,132.9,-5.33,99,100,2.13
339,Port Hardy,CA,2022-02-10 18:55:18,50.6996,-127.4199,46.76,93,75,4.61
340,Whitianga,NZ,2022-02-10 18:55:18,-36.8333,175.7,73.02,97,98,3.71
341,Saint-Leu,RE,2022-02-10 18:55:19,-21.15,55.2833,76.06,80,16,7.72
342,Nishihara,JP,2022-02-10 18:55:19,26.1842,127.7558,60.08,72,75,4.61
343,Tamale,GH,2022-02-10 18:55:20,9.4008,-0.8393,88.56,9,0,3.76
344,Ramos Arizpe,MX,2022-02-10 18:55:21,25.55,-100.9667,63.82,45,89,7.54
345,Jalu,LY,2022-02-10 18:55:21,29.0331,21.5482,54.48,49,5,7.65
346,Sept-Iles,CA,2022-02-10 18:55:22,50.2001,-66.3821,30.72,93,100,7.0
347,Ponta Do Sol,PT,2022-02-10 18:53:24,32.6667,-17.1,68.72,81,100,7.49
348,Cabo San Lucas,MX,2022-02-10 18:55:23,22.8909,-109.9124,82.51,57,0,6.46
349,Taseyevo,RU,2022-02-10 18:55:23,57.2169,94.8978,-18.62,100,88,2.15
350,Usinsk,RU,2022-02-10 18:55:24,65.9939,57.5281,23.88,94,100,24.07
351,Krasnozerskoye,RU,2022-02-10 18:55:25,53.9828,79.2374,-21.21,100,24,4.99
352,Qeshm,IR,2022-02-10 18:55:26,26.9581,56.2719,60.69,54,0,3.56
353,Ibb,YE,2022-02-10 18:51:21,13.9667,44.1833,62.96,70,10,0.72
354,Birin,NP,2022-02-10 18:55:26,26.8865,88.0718,45.79,82,93,2.21
355,Kamaishi,JP,2022-02-10 18:55:27,39.2667,141.8833,31.24,83,98,10.09
356,Ipojuca,BR,2022-02-10 18:55:27,-8.3989,-35.0639,85.91,56,88,12.59
357,Unnao,IN,2022-02-10 18:55:28,26.5333,80.5,55.38,71,0,7.61
358,Bakchar,RU,2022-02-10 18:55:29,57.0186,82.0711,-11.6,100,21,3.74
359,Marovoay,MG,2022-02-10 18:55:29,-16.1,46.6333,80.74,95,100,5.08
360,Mackay,AU,2022-02-10 18:55:30,-21.15,149.2,72.68,94,25,5.75
361,Santa Isabel,BR,2022-02-10 18:55:30,-23.3156,-46.2214,79.9,77,98,7.72
362,Killarney,IE,2022-02-10 18:55:31,52.05,-9.5167,37.69,84,15,3.71
363,Bria,CF,2022-02-10 18:55:32,6.5423,21.9863,79.92,19,16,1.66
364,Praia Da Vitoria,PT,2022-02-10 18:55:32,38.7333,-27.0667,61.05,88,20,7.16
365,Villazon,BO,2022-02-10 18:55:33,-22.0866,-65.5942,67.05,24,94,11.3
366,Peace River,CA,2022-02-10 18:55:33,56.2501,-117.286,39.51,81,100,14.97
367,Byron Bay,AU,2022-02-10 18:55:34,-28.65,153.6167,69.87,86,17,10.36
368,Bandarbeyla,SO,2022-02-10 18:55:35,9.4942,50.8122,74.05,61,5,19.66
369,Bud,US,2022-02-10 18:55:35,39.447,-86.1758,41.76,75,88,13.78
370,Huarmey,PE,2022-02-10 18:55:36,-10.0681,-78.1522,75.4,69,100,9.62
371,Tiberias,IL,2022-02-10 18:55:37,32.7922,35.5312,49.37,84,8,2.93
372,Lima,PE,2022-02-10 18:55:37,-12.0432,-77.0282,74.14,69,75,10.36
373,Trofors,NO,2022-02-10 18:55:38,65.5333,13.4063,33.26,95,100,6.73
374,Shimoda,JP,2022-02-10 18:55:38,34.6667,138.95,38.1,85,100,15.88
375,Umkomaas,ZA,2022-02-10 18:55:39,-30.2067,30.7978,77.59,87,29,2.93
376,Anaconda,US,2022-02-10 18:55:40,46.1285,-112.9423,44.78,93,56,7.61
377,Xingcheng,CN,2022-02-10 18:55:40,40.6167,120.7167,28.4,61,5,6.49
378,Kamina,CD,2022-02-10 18:55:41,-8.7386,24.9906,64.9,94,100,3.09
379,Cockburn Town,TC,2022-02-10 18:50:48,21.4612,-71.1419,82.36,57,40,17.27
380,Guanare,VE,2022-02-10 18:55:42,9.0418,-69.7421,91.42,40,99,9.22
381,Wanaka,NZ,2022-02-10 18:55:42,-44.7,169.15,59.11,77,0,1.99
382,Hanyang,CN,2022-02-10 18:55:43,32.1371,105.5126,37.31,73,99,0.36
383,Matara,LK,2022-02-10 18:55:43,5.9485,80.5353,75.22,88,10,3.49
384,Weligama,LK,2022-02-10 18:55:44,5.9667,80.4167,75.16,88,10,3.56
385,Jefferson City,US,2022-02-10 18:52:32,38.5767,-92.1735,49.12,51,0,5.99
386,Yar-Sale,RU,2022-02-10 18:55:45,66.8333,70.8333,8.55,90,95,19.46
387,Hailar,CN,2022-02-10 18:55:45,49.2,119.7,2.1,97,100,8.61
388,San Rafael,AR,2022-02-10 18:53:27,-34.6177,-68.3301,87.75,24,33,14.7
389,Pervomayskoye,RU,2022-02-10 18:55:46,43.919,46.7102,35.65,71,6,6.49
390,Vryheid,ZA,2022-02-10 18:55:47,-27.7695,30.7917,68.5,64,12,5.06
391,Norman Wells,CA,2022-02-10 18:55:48,65.282,-126.8329,-11.16,70,100,16.11
392,Paso De Carrasco,UY,2022-02-10 18:55:49,-34.8603,-56.0522,82.85,55,20,12.66
393,Eureka,US,2022-02-10 18:55:49,40.8021,-124.1637,69.13,63,0,1.12
394,Airai,TL,2022-02-10 18:55:50,-8.9266,125.4092,60.48,93,100,0.78
395,Santa Rosa,PH,2022-02-10 18:55:50,14.3122,121.1114,79.11,76,100,11.14
396,Fasa,IR,2022-02-10 18:55:51,28.9383,53.6482,43.84,49,0,4.61
397,Davila,PH,2022-02-10 18:55:52,18.4726,120.5763,71.58,80,16,12.17
398,Singleton,AU,2022-02-10 18:55:52,-32.5667,151.1833,71.49,95,62,2.89
399,Belyy Yar,RU,2022-02-10 18:55:53,53.6039,91.3903,-23.91,65,47,0.0
400,Odienne,CI,2022-02-10 18:55:53,9.51,-7.5692,84.67,12,0,4.21
401,Umm Kaddadah,SD,2022-02-10 18:55:54,13.6017,26.6876,65.26,12,0,15.17
402,Varna,BG,2022-02-10 18:55:55,43.2167,27.9167,42.44,60,0,3.44
403,Bambous Virieux,MU,2022-02-10 18:55:55,-20.3428,57.7575,79.05,83,75,3.44
404,Olutanga,PH,2022-02-10 18:55:56,7.3106,122.8464,80.58,80,100,8.93
405,Tilichiki,RU,2022-02-10 18:51:08,60.4667,166.1,-15.66,78,12,7.47
406,Kenai,US,2022-02-10 18:55:57,60.5544,-151.2583,23.09,74,0,10.36
407,Springbok,ZA,2022-02-10 18:55:57,-29.6643,17.8865,72.55,42,0,4.34
408,Bundaberg,AU,2022-02-10 18:55:58,-24.85,152.35,66.49,89,0,5.75
409,Souillac,MU,2022-02-10 18:51:36,-20.5167,57.5167,79.18,83,75,3.44
410,Batagay,RU,2022-02-10 18:55:59,67.6333,134.6333,-36.02,99,99,1.59
411,Aswan,EG,2022-02-10 18:55:59,24.0934,32.907,60.1,31,0,10.36
412,Tomatlan,MX,2022-02-10 18:56:00,19.9333,-105.25,87.04,19,0,7.61
413,Djibo,BF,2022-02-10 18:56:01,14.1022,-1.6306,81.05,8,0,9.8
414,Ranong,TH,2022-02-10 18:56:01,9.9658,98.6348,75.78,90,100,3.96
415,Manaus,BR,2022-02-10 18:55:19,-3.1019,-60.025,81.09,83,75,5.75
416,Burnie,AU,2022-02-10 18:56:02,-41.0667,145.9167,54.95,81,5,9.69
417,Chumikan,RU,2022-02-10 18:56:02,54.7183,135.315,8.69,96,100,5.3
418,Yacuiba,BO,2022-02-10 18:56:03,-22.038,-63.6797,93.97,46,6,17.27
419,Orchard Homes,US,2022-02-10 18:56:04,46.8633,-114.0484,51.58,61,99,3.0
420,Padre Paraiso,BR,2022-02-10 18:56:04,-17.0742,-41.4844,78.4,72,30,2.64
421,Ningyang,CN,2022-02-10 18:56:05,35.7642,116.7914,41.72,72,99,4.29
422,Umuarama,BR,2022-02-10 18:56:05,-23.7664,-53.325,86.43,42,47,9.04
423,Tabuk,PH,2022-02-10 18:56:05,17.4189,121.4443,69.19,95,44,2.19
424,Tiznit,MA,2022-02-10 18:56:06,29.5833,-9.5,62.46,37,91,4.0
425,Chik,RU,2022-02-10 18:56:06,54.9928,82.4311,-7.85,71,0,6.71
426,Jaciara,BR,2022-02-10 18:51:15,-15.9653,-54.9683,75.27,86,98,4.5
427,Kayerkan,RU,2022-02-10 18:56:07,69.3497,87.7602,-6.48,83,29,9.69
428,Sao Francisco,BR,2022-02-10 18:56:08,-15.9486,-44.8644,81.63,71,99,2.68
429,Tototlan,MX,2022-02-10 18:56:08,20.55,-102.8,69.96,19,0,6.82
430,Kigorobya,UG,2022-02-10 18:56:09,1.6162,31.3089,75.7,44,69,3.62
431,Elko,US,2022-02-10 18:56:09,41.0002,-115.5012,44.22,71,6,5.01
432,Minot,US,2022-02-10 18:56:10,48.2325,-101.2963,43.12,78,100,28.34
433,Asmar,AF,2022-02-10 18:56:11,35.0333,71.3581,42.64,37,0,10.18
434,Saint Austell,GB,2022-02-10 18:54:02,50.3383,-4.7658,45.16,65,40,17.27
435,Gamba,GA,2022-02-10 18:56:11,-2.65,10.0,77.45,89,100,5.17
436,Tezu,IN,2022-02-10 18:56:12,27.9167,96.1667,56.91,67,90,3.4
437,Turbat,PK,2022-02-10 18:56:13,26.0023,63.044,68.09,30,0,2.73
438,Miedzyrzec Podlaski,PL,2022-02-10 18:56:08,51.9864,22.7825,41.22,84,100,12.26
439,Santa Maria,BR,2022-02-10 18:56:14,-29.6842,-53.8069,88.9,35,20,10.36
440,Takoradi,GH,2022-02-10 18:56:14,4.8845,-1.7554,80.35,84,0,9.28
441,Nemuro,JP,2022-02-10 18:56:15,43.3236,145.575,23.16,74,68,4.34
442,Maudaha,IN,2022-02-10 18:56:15,25.6833,80.1167,55.4,59,0,6.35
443,Kapoeta,SS,2022-02-10 18:56:16,4.7717,33.5903,88.66,20,100,9.15
444,Sindgi,IN,2022-02-10 18:56:16,16.9167,76.2333,77.29,40,81,7.56
445,Looc,PH,2022-02-10 18:56:17,12.2605,121.9926,76.68,84,100,10.94
446,Loukhi,RU,2022-02-10 18:56:18,66.0764,33.0381,19.81,95,92,7.07
447,Rundu,NA,2022-02-10 18:56:18,-17.9333,19.7667,72.82,67,29,5.59
448,Vanimo,PG,2022-02-10 18:56:19,-2.6741,141.3028,78.01,85,100,1.92
449,Mount Gambier,AU,2022-02-10 18:52:04,-37.8333,140.7667,48.11,100,40,3.44
450,Agadez,NE,2022-02-10 18:56:20,19.75,10.25,61.81,24,0,6.71
451,Vasylivka,UA,2022-02-10 18:56:21,47.4369,35.2742,40.08,95,100,7.76
452,Fortuna,US,2022-02-10 18:52:02,40.5982,-124.1573,71.94,61,0,9.22
453,Teya,RU,2022-02-10 18:56:22,60.3778,92.6267,-15.81,100,85,0.63
454,Lakefield,US,2022-02-10 18:56:22,43.6775,-95.1717,37.89,77,75,14.97
455,Kloulklubed,PW,2022-02-10 18:56:23,7.0419,134.2556,82.33,75,100,11.72
456,Sulphur Springs,US,2022-02-10 18:55:39,33.1385,-95.6011,69.75,17,0,0.0
457,Mnogovershinnyy,RU,2022-02-10 18:53:36,53.9353,139.9242,10.44,97,100,1.52
458,Tura,IN,2022-02-10 18:56:24,25.5198,90.2201,56.75,86,0,1.99
459,Kampot,KH,2022-02-10 18:56:24,10.6167,104.1833,80.65,79,100,4.7
460,Guerrero Negro,MX,2022-02-10 18:56:25,27.9769,-114.0611,72.07,28,0,1.63
461,Wasilla,US,2022-02-10 18:54:37,61.5814,-149.4394,23.81,67,0,9.22
462,Mokhsogollokh,RU,2022-02-10 18:56:26,61.4681,128.9203,-32.35,100,54,3.11
463,Ust-Abakan,RU,2022-02-10 18:56:26,53.8525,91.3742,-23.89,76,20,0.0
464,Morales,CO,2022-02-10 18:56:27,2.757,-76.6172,70.52,83,69,3.56
465,Tongliao,CN,2022-02-10 18:56:27,43.6125,122.2653,8.58,98,84,7.96
466,Mabamba,TZ,2022-02-10 18:56:28,-3.5983,30.5019,63.61,92,59,0.63
467,Port Lincoln,AU,2022-02-10 18:56:28,-34.7333,135.8667,61.16,74,10,14.27
468,Te Anau,NZ,2022-02-10 18:56:29,-45.4167,167.7167,58.15,91,52,1.1
469,Dalbandin,PK,2022-02-10 18:56:30,28.8947,64.4101,55.18,18,0,5.64
470,Charlestown,AU,2022-02-10 18:56:30,-32.95,151.6667,71.73,91,77,3.0
471,Calabozo,VE,2022-02-10 18:56:31,8.9242,-67.4293,95.7,28,100,5.61
472,Lamu,KE,2022-02-10 18:54:18,-2.2717,40.902,80.82,84,8,13.98
473,San Miguel,SV,2022-02-10 18:56:31,13.4833,-88.1833,98.35,25,2,0.45
474,Ixtapa,MX,2022-02-10 18:52:12,20.7,-105.2,85.23,22,0,7.49
475,Bonfim,BR,2022-02-10 18:56:32,3.0833,-59.95,93.15,35,100,9.08
476,Naze,JP,2022-02-10 18:56:32,28.3667,129.4833,55.0,66,65,10.0
477,Udachnyy,RU,2022-02-10 18:56:33,66.4167,112.4,-4.56,76,100,8.72
478,Magrath,CA,2022-02-10 18:55:25,49.4167,-112.8686,56.55,33,100,33.38
479,Jiguani,CU,2022-02-10 18:56:34,20.3667,-76.4272,88.84,40,57,5.73
480,San Quintin,MX,2022-02-10 18:56:34,30.4833,-115.95,71.85,26,0,8.7
481,Korla,CN,2022-02-10 18:56:35,41.7597,86.1469,27.59,47,10,3.49
482,Aasiaat,GL,2022-02-10 18:56:35,68.7098,-52.8699,-17.81,99,100,6.91
483,Ayia Anna,CY,2022-02-10 18:56:36,34.9399,33.4843,50.29,67,0,6.91
484,Semey,KZ,2022-02-10 18:56:36,50.4111,80.2275,-13.45,100,100,2.82
485,Sabha,LY,2022-02-10 18:56:37,27.0377,14.4283,52.52,42,0,9.66
486,Coaraci,BR,2022-02-10 18:56:38,-14.6408,-39.5511,85.44,65,53,4.32
487,Eregli,TR,2022-02-10 18:56:38,37.5133,34.0467,20.03,85,88,2.86
488,Fethiye,TR,2022-02-10 18:56:39,36.6217,29.1164,49.87,54,0,9.24
489,Fort Nelson,CA,2022-02-10 18:56:40,58.8053,-122.7002,37.13,54,99,15.17
490,Sungurlu,TR,2022-02-10 18:56:40,40.1675,34.3739,26.78,89,10,2.95
491,Benjamin Constant,BR,2022-02-10 18:56:41,-4.3831,-70.0311,87.93,66,40,2.3
492,Zaozerne,UA,2022-02-10 18:56:41,45.1582,33.2787,41.95,80,100,9.28
493,Amapa,BR,2022-02-10 18:56:42,1.0,-52.0,80.73,82,100,4.18
494,Inuvik,CA,2022-02-10 18:56:43,68.3499,-133.7218,-13.79,76,100,3.44
495,Mato Verde,BR,2022-02-10 18:56:43,-15.3972,-42.8664,81.63,66,95,2.93
496,Sabalgarh,IN,2022-02-10 18:56:44,26.25,77.4,56.5,53,0,0.74
497,Abilene,US,2022-02-10 18:56:45,32.4487,-99.7331,66.69,21,62,4.38
498,Champerico,GT,2022-02-10 18:56:45,14.3,-91.9167,91.76,58,2,9.28
499,Gizo,SB,2022-02-10 18:56:46,-8.103,156.8419,80.33,80,100,6.38
500,Gaoual,GN,2022-02-10 18:56:46,11.75,-13.2,93.25,9,0,7.65
501,Uglegorsk,RU,2022-02-10 18:56:47,49.0833,142.0333,6.42,98,97,3.47
502,Oga,IT,2022-02-10 18:56:47,46.4631,10.347,35.69,85,23,2.1
503,Podor,MR,2022-02-10 18:56:48,16.6527,-14.9587,94.95,14,74,4.61
504,Khorixas,NA,2022-02-10 18:56:48,-20.3667,14.9667,67.28,88,100,8.75
505,Husavik,IS,2022-02-10 18:55:18,66.0449,-17.3389,30.11,84,100,12.88
506,Salantai,LT,2022-02-10 18:56:49,56.0667,21.5667,36.9,94,100,10.36
507,Aklavik,CA,2022-02-10 18:56:50,68.2191,-135.0107,-17.57,69,100,8.05
508,Pochutla,MX,2022-02-10 18:56:50,15.7432,-96.4661,85.82,44,0,8.93
509,Roald,NO,2022-02-10 18:56:51,62.5833,6.1333,33.94,64,75,12.66
510,Nalut,LY,2022-02-10 18:56:51,30.3333,10.85,51.57,46,4,11.16
511,Concepcion,CL,2022-02-10 18:56:52,-36.827,-73.0498,72.57,41,52,11.79
512,Cooma,AU,2022-02-10 18:56:52,-36.2333,149.1333,55.17,100,100,8.05
513,Isla Aguada,MX,2022-02-10 18:56:53,18.7833,-91.4667,72.54,69,2,7.49
514,Road Town,VG,2022-02-10 18:56:53,18.4167,-64.6167,78.84,78,40,12.66
515,Kirkuk,IQ,2022-02-10 18:56:54,35.4681,44.3922,53.13,61,97,8.05
516,Taclobo,PH,2022-02-10 18:56:55,12.3074,122.586,78.48,76,90,10.02
517,Tateyama,JP,2022-02-10 18:56:55,34.9833,139.8667,37.02,92,100,26.89
518,Northam,GB,2022-02-10 18:56:56,51.0333,-4.2167,43.39,65,7,16.49
519,Tuatapere,NZ,2022-02-10 18:55:30,-46.1333,167.6833,57.81,95,92,2.35
520,Dagua,CO,2022-02-10 18:56:56,3.6569,-76.6886,82.9,87,94,5.12
521,Hay River,CA,2022-02-10 18:56:53,60.8156,-115.7999,-13.02,70,75,5.75
522,Havoysund,NO,2022-02-10 18:56:57,70.9963,24.6622,23.88,67,100,11.05
523,Los Llanos De Aridane,ES,2022-02-10 18:52:12,28.6585,-17.9182,69.55,46,0,9.22
524,Boyolangu,ID,2022-02-10 18:56:59,-8.1181,111.8935,74.7,90,100,4.56
525,Shenjiamen,CN,2022-02-10 18:57:00,29.9576,122.298,45.41,76,100,8.01
526,Kibungo,RW,2022-02-10 18:57:00,-2.1597,30.5427,68.92,89,79,1.07
527,Nelson Bay,AU,2022-02-10 18:57:01,-32.7167,152.15,72.0,90,98,6.26
528,Kalmunai,LK,2022-02-10 18:53:23,7.4167,81.8167,75.92,86,98,2.17
529,Tulsipur,NP,2022-02-10 18:57:01,28.131,82.2973,49.53,79,0,4.03
530,George Town,MY,2022-02-10 18:54:33,5.4112,100.3354,79.95,91,20,2.3
531,Calvinia,ZA,2022-02-10 18:57:02,-31.4707,19.776,72.07,48,0,6.67
532,Sinop,TR,2022-02-10 18:57:02,41.7711,34.8709,26.8,87,8,5.61
533,Margate,GB,2022-02-10 18:57:03,51.3813,1.3862,42.04,73,100,1.99
534,Zhoucheng,CN,2022-02-10 18:57:03,35.9122,116.3117,42.03,71,100,4.76
535,Gawan,IN,2022-02-10 18:57:04,28.4333,78.35,51.51,74,0,7.78
536,Waterloo,CA,2022-02-10 18:52:05,43.4668,-80.5164,33.48,69,100,16.11
537,Batemans Bay,AU,2022-02-10 18:57:04,-35.7167,150.1833,67.19,84,100,6.2
538,Port Hedland,AU,2022-02-10 18:52:46,-20.3167,118.5667,82.45,89,10,5.75
539,Pryazha,RU,2022-02-10 18:57:05,61.6926,33.6216,29.43,95,100,8.28
540,Ouadda,CF,2022-02-10 18:57:05,8.0777,22.4007,77.36,17,100,6.49
541,Saint Anthony,US,2022-02-10 18:57:06,45.0205,-93.218,23.92,72,100,14.97
542,Mantenopolis,BR,2022-02-10 18:57:07,-18.8625,-41.1228,79.7,75,87,6.2
543,Zarubino,RU,2022-02-10 18:57:07,42.63,131.0922,26.73,81,20,5.39
544,Constitucion,CL,2022-02-10 18:57:08,-35.3333,-72.4167,66.72,62,100,7.36
545,Svetlogorsk,BY,2022-02-10 18:57:08,52.6333,29.7333,32.5,95,95,6.69
546,Anyang,CN,2022-02-10 18:57:09,36.0994,114.3289,37.0,58,81,5.01
547,Pangnirtung,CA,2022-02-10 18:57:10,66.1451,-65.7125,-4.0,50,100,9.22
548,Nipawin,CA,2022-02-10 18:57:10,53.3668,-104.0009,35.64,86,100,19.57
549,Praxedis Guerrero,MX,2022-02-10 18:57:11,31.3667,-106.0167,63.43,21,0,8.52
550,Ituporanga,BR,2022-02-10 19:12:55,-27.4144,-49.6025,79.36,41,12,5.59
551,Chokurdakh,RU,2022-02-10 19:12:56,70.6333,147.9167,-28.64,96,49,8.84
552,Rocky Mountain House,CA,2022-02-10 19:09:19,52.3668,-114.9188,44.83,45,13,20.89
553,Annau,TM,2022-02-10 19:12:57,37.8876,58.516,56.32,25,98,3.15
554,Lagunas,PE,2022-02-10 19:12:58,-5.2269,-75.6753,82.0,76,77,4.76
555,Laurel,US,2022-02-10 19:12:59,39.0993,-76.8483,60.3,37,75,14.97
556,Mantua,IT,2022-02-10 19:12:59,45.1667,10.7833,53.28,79,46,3.0
557,Sala,MA,2022-02-10 19:12:59,34.0389,-6.8166,59.76,100,40,4.61
558,Qaqortoq,GL,2022-02-10 19:13:00,60.7167,-46.0333,16.3,66,96,7.74
559,Malanje,AO,2022-02-10 19:13:00,-9.5402,16.341,66.67,72,89,3.91
560,Camopi,GF,2022-02-10 19:13:01,3.1655,-52.3158,77.77,92,100,3.31
561,Susanville,US,2022-02-10 19:13:01,40.4163,-120.653,51.1,56,20,5.01
562,Caldwell,US,2022-02-10 19:13:02,43.6629,-116.6874,46.92,63,0,0.0
563,Unai,BR,2022-02-10 19:13:03,-16.3575,-46.9061,74.79,86,100,6.13
564,Shakawe,BW,2022-02-10 19:13:03,-18.3667,21.85,72.93,70,11,4.56
565,Campina Verde,BR,2022-02-10 19:13:04,-19.5356,-49.4864,75.24,79,99,7.16
566,Morada Nova,BR,2022-02-10 19:13:04,-5.1067,-38.3725,96.04,30,86,3.6
567,Chambersburg,US,2022-02-10 19:13:05,39.9376,-77.6611,54.77,40,78,5.99
